<?xml version="1.0" encoding="UTF-8" standalone="yes"?>
<addon id="plugin.video.kawingan" name="Kawingan" version="0.0.1" provider-name="Eminus">
	<requires>
		<import addon="xbmc.python" version="2.19.0" />
        <import addon="script.module.urlresolver"  version="2.10.12"/>
        <import addon="script.module.addon.common" />
        <import addon="script.module.requests" />
	</requires>
	<extension point="xbmc.python.pluginsource" library="default.py">
		<provides>video</provides>
	</extension>
	<extension point="xbmc.addon.metadata">
		<summary lang="en">Para sa mga kababayan natin na nasa malayong lugar</summary>
		<description lang="en">Created by developer [COLOR yellow]Eminus[/COLOR].  Please remember that Kawingan is not an official part of the Kodi media player you are running, and therefore is not to be mentioned within official support channels of Kodi, this addon has nothing to do with the media player itself, nor it’s intended use, it is simply a third party plugin which has been added to your system.</description>
		<platform>all</platform>
		<forum></forum>
		<website></website>
		<news></news>
		<genre>movies,tvshows,filipino,usa</genre>
		<video_guide></video_guide>
		<video_preview></video_preview>
	</extension>
</addon>
