<?xml version="1.0" encoding="UTF-8"?>
    <addon id="repository.kawingan" name="Kawingan Repository" version="0.1.0" provider-name="Eminus">
        <requires>
            <import addon="xbmc.addon" version="12.0.0"/>
        </requires>
        <extension point="xbmc.addon.repository" name="Kawingan Repository">
            <info compressed="false">http://github.com/kawingan/_repo/addons.xml</info>
            <checksum>http://github.com/kawingan/_repo/addons.xml.md5</checksum>
            <datadir zip="true">http://github.com/kawingan/_repo/</datadir>
            <hashes>false</hashes>
        </extension>
        <extension point="xbmc.addon.metadata">
            <summary>Repository for Kawingan</summary>
            <description>Download and Install Addons From Kawingan</description>
            <platform>all</platform>
    </extension>
</addon>